Rank,Tier,Name,Team,Position,BYE WEEK,SOS SEASON,ECR VS. ADP
1,1,Ja'Marr Chase,CIN,WR,10,3 out of 5 stars,0
2,1,Bijan Robinson,ATL,RB,5,4 out of 5 stars,1
3,1,Justin Jefferson,MIN,WR,6,2 out of 5 stars,1
4,1,CeeDee Lamb,DAL,WR,10,2 out of 5 stars,2
5,1,Jahmyr Gibbs,DET,RB,8,2 out of 5 stars,0
6,2,Puka Nacua,LAR,WR,8,3 out of 5 stars,1
7,2,Malik Nabers,NYG,WR,14,2 out of 5 stars,4
8,2,Amon-Ra St. Brown,DET,WR,8,3 out of 5 stars,1
9,2,Nico Collins,HOU,WR,6,4 out of 5 stars,5
10,2,Brian Thomas Jr.,JAC,WR,8,4 out of 5 stars,5
11,2,Saquon Barkley,PHI,RB,9,3 out of 5 stars,-9
12,3,Drake London,ATL,WR,5,3 out of 5 stars,7
13,3,Christian McCaffrey,SF,RB,14,3 out of 5 stars,-5
14,3,De'Von Achane,MIA,RB,12,4 out of 5 stars,-1
15,3,Ashton Jeanty,LV,RB,8,2 out of 5 stars,-5
16,3,Ladd McConkey,LAC,WR,12,3 out of 5 stars,9
17,3,Brock Bowers,LV,TE,8,2 out of 5 stars,1
18,3,Jaxon Smith-Njigba,SEA,WR,8,3 out of 5 stars,14
19,3,Trey McBride,ARI,TE,8,5 out of 5 stars,7
20,4,Garrett Wilson,NYJ,WR,9,4 out of 5 stars,14
21,4,A.J. Brown,PHI,WR,9,3 out of 5 stars,-4
22,4,Bucky Irving,TB,RB,9,3 out of 5 stars,-1
23,4,Josh Allen,BUF,QB,7,4 out of 5 stars,1
24,4,Chase Brown,CIN,RB,10,4 out of 5 stars,3
25,4,Derrick Henry,BAL,RB,7,4 out of 5 stars,-13
26,4,Lamar Jackson,BAL,QB,7,3 out of 5 stars,-4
27,4,Tyreek Hill,MIA,WR,12,3 out of 5 stars,1
28,4,Tee Higgins,CIN,WR,10,3 out of 5 stars,1
29,4,Davante Adams,LAR,WR,8,3 out of 5 stars,6
30,5,Jayden Daniels,WAS,QB,12,2 out of 5 stars,0
31,5,Jonathan Taylor,IND,RB,11,2 out of 5 stars,-11
32,5,Mike Evans,TB,WR,9,3 out of 5 stars,10
33,5,George Kittle,SF,TE,14,3 out of 5 stars,6
34,5,Jalen Hurts,PHI,QB,9,3 out of 5 stars,4
35,5,Josh Jacobs,GB,RB,5,4 out of 5 stars,-19
36,5,Marvin Harrison Jr.,ARI,WR,8,4 out of 5 stars,5
37,5,Terry McLaurin,WAS,WR,12,3 out of 5 stars,-1
38,5,Breece Hall,NYJ,RB,9,5 out of 5 stars,-5
39,5,DJ Moore,CHI,WR,5,2 out of 5 stars,8
40,5,Kyren Williams,LAR,RB,8,3 out of 5 stars,-17
41,5,Kenneth Walker III,SEA,RB,8,3 out of 5 stars,2
42,5,Alvin Kamara,NO,RB,11,4 out of 5 stars,-2
43,6,Courtland Sutton,DEN,WR,12,3 out of 5 stars,9
44,6,Jameson Williams,DET,WR,8,3 out of 5 stars,17
45,6,Xavier Worthy,KC,WR,10,3 out of 5 stars,10
46,6,Omarion Hampton,LAC,RB,12,2 out of 5 stars,-2
47,6,DK Metcalf,PIT,WR,5,4 out of 5 stars,4
48,6,Tetairoa McMillan,CAR,WR,14,4 out of 5 stars,21
49,6,James Conner,ARI,RB,8,3 out of 5 stars,0
50,6,James Cook,BUF,RB,7,4 out of 5 stars,-19
51,6,DeVonta Smith,PHI,WR,9,3 out of 5 stars,3
52,6,Zay Flowers,BAL,WR,7,3 out of 5 stars,6
53,6,Rashee Rice,KC,WR,10,3 out of 5 stars,-8
54,6,Jaylen Waddle,MIA,WR,12,3 out of 5 stars,21
55,6,Joe Burrow,CIN,QB,10,2 out of 5 stars,-18
56,6,Chuba Hubbard,CAR,RB,14,3 out of 5 stars,-10
57,6,George Pickens,DAL,WR,10,2 out of 5 stars,11
58,6,Calvin Ridley,TEN,WR,10,4 out of 5 stars,12
59,6,Patrick Mahomes II,KC,QB,10,3 out of 5 stars,-6
60,7,Aaron Jones Sr.,MIN,RB,6,3 out of 5 stars,5
61,7,RJ Harvey,DEN,RB,12,2 out of 5 stars,-2
62,7,D'Andre Swift,CHI,RB,5,3 out of 5 stars,-6
63,7,TreVeyon Henderson,NE,RB,14,4 out of 5 stars,-3
64,7,Baker Mayfield,TB,QB,9,2 out of 5 stars,3
65,7,Sam LaPorta,DET,TE,8,3 out of 5 stars,-15
66,7,Jerry Jeudy,CLE,WR,9,2 out of 5 stars,7
67,7,David Montgomery,DET,RB,8,2 out of 5 stars,-10
68,7,Rome Odunze,CHI,WR,5,2 out of 5 stars,13
69,7,T.J. Hockenson,MIN,TE,6,3 out of 5 stars,-6
70,7,Evan Engram,DEN,TE,12,3 out of 5 stars,13
71,7,Tony Pollard,TEN,RB,10,2 out of 5 stars,1
72,7,Kyler Murray,ARI,QB,8,4 out of 5 stars,15
73,7,David Njoku,CLE,TE,9,3 out of 5 stars,12
74,7,Bo Nix,DEN,QB,12,4 out of 5 stars,0
75,7,Joe Mixon,HOU,RB,6,2 out of 5 stars,-27
76,7,Kaleb Johnson,PIT,RB,5,4 out of 5 stars,-5
77,7,Chris Olave,NO,WR,11,4 out of 5 stars,1
78,7,Travis Hunter,JAC,WR,8,4 out of 5 stars,-16
79,7,Isiah Pacheco,KC,RB,10,2 out of 5 stars,-13
80,7,Travis Kelce,KC,TE,10,3 out of 5 stars,-16
81,7,Jakobi Meyers,LV,WR,8,4 out of 5 stars,12
82,7,Jauan Jennings,SF,WR,14,4 out of 5 stars,12
83,8,Travis Etienne Jr.,JAC,RB,8,2 out of 5 stars,12
84,8,Stefon Diggs,NE,WR,14,3 out of 5 stars,5
85,8,Jordan Addison,MIN,WR,6,2 out of 5 stars,-6
86,8,Chris Godwin,TB,WR,9,3 out of 5 stars,-10
87,8,Brock Purdy,SF,QB,14,4 out of 5 stars,13
88,8,Khalil Shakir,BUF,WR,7,3 out of 5 stars,2
89,8,Brian Robinson Jr.,WAS,RB,12,2 out of 5 stars,-9
90,8,Jaylen Warren,PIT,RB,5,4 out of 5 stars,1
91,8,Jayden Reed,GB,WR,5,2 out of 5 stars,10
92,8,Justin Fields,NYJ,QB,9,5 out of 5 stars,7
93,8,Mark Andrews,BAL,TE,7,3 out of 5 stars,-16
94,8,Javonte Williams,DAL,RB,10,2 out of 5 stars,3
95,8,Michael Pittman Jr.,IND,WR,11,4 out of 5 stars,25
96,8,Josh Downs,IND,WR,11,4 out of 5 stars,23
97,8,Ricky Pearsall,SF,WR,14,4 out of 5 stars,1
98,8,Justin Herbert,LAC,QB,12,3 out of 5 stars,15
99,8,Dak Prescott,DAL,QB,10,2 out of 5 stars,5
100,8,Deebo Samuel Sr.,WAS,WR,12,3 out of 5 stars,-16
101,8,Caleb Williams,CHI,QB,5,2 out of 5 stars,8
102,8,Jordan Mason,MIN,RB,6,3 out of 5 stars,10
103,8,Tyler Warren,IND,TE,11,3 out of 5 stars,5
104,8,Jake Ferguson,DAL,TE,10,2 out of 5 stars,28
105,8,J.K. Dobbins,DEN,RB,12,2 out of 5 stars,12
106,8,Tucker Kraft,GB,TE,5,2 out of 5 stars,5
107,9,Quinshon Judkins,CLE,RB,9,4 out of 5 stars,-25
108,9,Rachaad White,TB,RB,9,3 out of 5 stars,15
109,9,Tyrone Tracy Jr.,NYG,RB,14,3 out of 5 stars,-23
110,9,Drake Maye,NE,QB,14,5 out of 5 stars,30
111,9,Jared Goff,DET,QB,8,2 out of 5 stars,-5
112,9,Darnell Mooney,ATL,WR,5,3 out of 5 stars,9
113,9,Dalton Kincaid,BUF,TE,7,3 out of 5 stars,12
114,9,C.J. Stroud,HOU,QB,6,3 out of 5 stars,19
115,9,Cooper Kupp,SEA,WR,8,3 out of 5 stars,-27
116,9,Trevor Lawrence,JAC,QB,8,3 out of 5 stars,39
117,9,Cam Skattebo,NYG,RB,14,3 out of 5 stars,-25
118,9,Jordan Love,GB,QB,5,2 out of 5 stars,11
119,9,Emeka Egbuka,TB,WR,9,3 out of 5 stars,3
120,9,Matthew Golden,GB,WR,5,2 out of 5 stars,-24
121,9,Zach Charbonnet,SEA,RB,8,3 out of 5 stars,-6
122,9,Colston Loveland,CHI,TE,5,4 out of 5 stars,-12
123,9,Dallas Goedert,PHI,TE,9,3 out of 5 stars,8
124,9,J.J. McCarthy,MIN,QB,6,2 out of 5 stars,14
125,9,Jayden Higgins,HOU,WR,6,4 out of 5 stars,16
126,9,Christian Kirk,HOU,WR,6,4 out of 5 stars,28
127,9,Najee Harris,LAC,RB,12,2 out of 5 stars,-22
128,9,Keon Coleman,BUF,WR,7,3 out of 5 stars,-12
129,9,Tyjae Spears,TEN,RB,10,2 out of 5 stars,-5
130,9,Rashid Shaheed,NO,WR,11,4 out of 5 stars,12
131,9,Luther Burden III,CHI,WR,5,2 out of 5 stars,21
132,9,Rhamondre Stevenson,NE,RB,14,4 out of 5 stars,-29
133,9,Austin Ekeler,WAS,RB,12,2 out of 5 stars,-6
134,9,Hunter Henry,NE,TE,14,3 out of 5 stars,59
135,9,Marvin Mims Jr.,DEN,WR,12,3 out of 5 stars,12
136,10,Wan'Dale Robinson,NYG,WR,14,2 out of 5 stars,46
137,10,Matthew Stafford,LAR,QB,8,3 out of 5 stars,29
138,10,Tre' Harris,LAC,WR,12,3 out of 5 stars,-3
139,10,Tank Bigsby,JAC,RB,8,2 out of 5 stars,-2
140,10,Trey Benson,ARI,RB,8,3 out of 5 stars,10
141,10,Bryce Young,CAR,QB,14,3 out of 5 stars,60
142,10,Geno Smith,LV,QB,8,3 out of 5 stars,70
143,10,Michael Penix Jr.,ATL,QB,5,4 out of 5 stars,20
144,10,Braelon Allen,NYJ,RB,9,5 out of 5 stars,25
145,10,Brandon Aiyuk,SF,WR,14,4 out of 5 stars,-31
146,10,Denver Broncos,DEN,DST,12,4 out of 5 stars,26
147,10,Jerome Ford,CLE,RB,9,4 out of 5 stars,12
148,10,Ray Davis,BUF,RB,7,4 out of 5 stars,8
149,10,Tua Tagovailoa,MIA,QB,12,5 out of 5 stars,8
150,10,Bhayshul Tuten,JAC,RB,8,2 out of 5 stars,-20
151,10,Rashod Bateman,BAL,WR,7,3 out of 5 stars,11
152,10,Cedric Tillman,CLE,WR,9,2 out of 5 stars,28
153,10,Marquise Brown,KC,WR,10,3 out of 5 stars,-7
154,10,Isaiah Likely,BAL,TE,7,3 out of 5 stars,-3
155,10,Isaac Guerendo,SF,RB,14,3 out of 5 stars,-19
156,10,Nick Chubb,HOU,RB,6,2 out of 5 stars,-8
157,10,Joshua Palmer,BUF,WR,7,3 out of 5 stars,59
158,10,Dylan Sampson,CLE,RB,9,4 out of 5 stars,12
159,10,Rico Dowdle,CAR,RB,14,3 out of 5 stars,15
160,10,Tyler Allgeier,ATL,RB,5,4 out of 5 stars,-7
161,10,Jaydon Blue,DAL,RB,10,2 out of 5 stars,-35
162,10,Chig Okonkwo,TEN,TE,10,3 out of 5 stars,53
163,10,Kyle Williams,NE,WR,14,3 out of 5 stars,5
164,10,Philadelphia Eagles,PHI,DST,9,2 out of 5 stars,17
165,10,Jalen McMillan,TB,WR,9,3 out of 5 stars,11
166,10,DeMario Douglas,NE,WR,14,3 out of 5 stars,66
167,10,Pittsburgh Steelers,PIT,DST,5,3 out of 5 stars,18
168,10,Jaylen Wright,MIA,RB,12,4 out of 5 stars,3
169,11,Kyle Pitts Sr.,ATL,TE,5,3 out of 5 stars,-30
170,11,Romeo Doubs,GB,WR,5,2 out of 5 stars,13
171,11,Baltimore Ravens,BAL,DST,7,3 out of 5 stars,17
172,11,Roschon Johnson,CHI,RB,5,3 out of 5 stars,6
173,11,Minnesota Vikings,MIN,DST,6,2 out of 5 stars,49
174,11,Jonnu Smith,PIT,TE,5,3 out of 5 stars,-72
175,11,Quentin Johnston,LAC,WR,12,3 out of 5 stars,11
176,11,Houston Texans,HOU,DST,6,2 out of 5 stars,16
177,11,Mike Gesicki,CIN,TE,10,2 out of 5 stars,32
178,11,Sam Darnold,SEA,QB,8,4 out of 5 stars,30
179,11,Adam Thielen,CAR,WR,14,4 out of 5 stars,-14
180,11,Keenan Allen,FA,WR,-,-,22
181,11,Anthony Richardson Sr.,IND,QB,11,3 out of 5 stars,8
182,11,Brandon Aubrey,DAL,K,10,4 out of 5 stars,-75
183,11,Jack Bech,LV,WR,8,4 out of 5 stars,-40
184,11,Buffalo Bills,BUF,DST,7,5 out of 5 stars,6
185,11,Zach Ertz,WAS,TE,12,3 out of 5 stars,-36
186,11,Cameron Dicker,LAC,K,12,5 out of 5 stars,-68
187,11,Justice Hill,BAL,RB,7,4 out of 5 stars,0
188,11,Dallas Cowboys,DAL,DST,10,0 out of 5 stars,10
189,11,Jake Bates,DET,K,8,1 out of 5 stars,-61
190,11,Cameron Ward,TEN,QB,10,2 out of 5 stars,7
191,11,Kareem Hunt,KC,RB,10,2 out of 5 stars,-24
192,11,Los Angeles Rams,LAR,DST,8,3 out of 5 stars,52
193,11,Blake Corum,LAR,RB,8,3 out of 5 stars,28
194,11,Mason Taylor,NYJ,TE,9,3 out of 5 stars,23
195,11,Alec Pierce,IND,WR,11,4 out of 5 stars,58
196,11,Brenton Strange,JAC,TE,8,3 out of 5 stars,-19
197,11,Michael Wilson,ARI,WR,8,4 out of 5 stars,114
198,11,Jaylin Noel,HOU,WR,6,4 out of 5 stars,79
199,11,DeAndre Hopkins,BAL,WR,7,3 out of 5 stars,1
200,11,Detroit Lions,DET,DST,8,1 out of 5 stars,-4
201,11,Ka'imi Fairbairn,HOU,K,6,3 out of 5 stars,-56
202,11,MarShawn Lloyd,GB,RB,5,4 out of 5 stars,-11
203,11,Will Shipley,PHI,RB,9,3 out of 5 stars,-8
204,11,San Francisco 49ers,SF,DST,14,5 out of 5 stars,24
205,11,Pat Freiermuth,PIT,TE,5,3 out of 5 stars,-32
206,11,Chase McLaughlin,TB,K,9,3 out of 5 stars,-72
207,11,Brashard Smith,KC,RB,10,2 out of 5 stars,22
208,11,Xavier Legette,CAR,WR,14,4 out of 5 stars,-44
209,11,Los Angeles Chargers,LAC,DST,12,5 out of 5 stars,4
210,11,Seattle Seahawks,SEA,DST,8,3 out of 5 stars,25
211,11,Jalen Coker,CAR,WR,14,4 out of 5 stars,51
212,11,Wil Lutz,DEN,K,12,5 out of 5 stars,-37
213,11,Chris Boswell,PIT,K,5,1 out of 5 stars,-69
214,12,Andrei Iosivas,CIN,WR,10,3 out of 5 stars,42
215,12,Tyler Bass,BUF,K,7,2 out of 5 stars,-54
216,12,Darius Slayton,NYG,WR,14,2 out of 5 stars,47
217,12,Dontayvion Wicks,GB,WR,5,2 out of 5 stars,56
218,12,Diontae Johnson,CLE,WR,9,2 out of 5 stars,51
219,12,Elic Ayomanor,TEN,WR,10,4 out of 5 stars,86
220,12,Harrison Butker,KC,K,10,3 out of 5 stars,-62
221,12,Calvin Austin III,PIT,WR,5,4 out of 5 stars,37
222,12,Aaron Rodgers,PIT,QB,5,4 out of 5 stars,-11
223,12,Jake Elliott,PHI,K,9,2 out of 5 stars,-29
224,12,Jarquez Hunter,LAR,RB,8,3 out of 5 stars,9
225,12,Jalen Tolbert,DAL,WR,10,2 out of 5 stars,164
226,12,Devaughn Vele,DEN,WR,12,3 out of 5 stars,165
227,12,Tutu Atwell,LAR,WR,8,3 out of 5 stars,98
228,12,Cade Otton,TB,TE,9,3 out of 5 stars,-25
229,12,Dyami Brown,JAC,WR,8,4 out of 5 stars,43
230,12,Jason Sanders,MIA,K,12,2 out of 5 stars,-70
231,12,DJ Giddens,IND,RB,11,2 out of 5 stars,29
232,12,Miles Sanders,DAL,RB,10,2 out of 5 stars,-5
233,12,Elijah Arroyo,SEA,TE,8,4 out of 5 stars,-10
234,12,Younghoe Koo,ATL,K,5,4 out of 5 stars,-24
235,12,Pat Bryant,DEN,WR,12,3 out of 5 stars,40
236,12,Juwan Johnson,NO,TE,11,3 out of 5 stars,67
237,12,Devin Neal,NO,RB,11,4 out of 5 stars,37
238,12,Darren Waller,MIA,TE,12,3 out of 5 stars,-59
239,12,Adonai Mitchell,IND,WR,11,4 out of 5 stars,32
240,12,Tahj Brooks,CIN,RB,10,4 out of 5 stars,41
241,12,New England Patriots,NE,DST,14,4 out of 5 stars,-1
242,12,Kyle Monangai,CHI,RB,5,3 out of 5 stars,17
243,12,Kansas City Chiefs,KC,DST,10,1 out of 5 stars,-44
244,12,Ja'Tavion Sanders,CAR,TE,14,4 out of 5 stars,55
245,12,Matt Gay,WAS,K,12,3 out of 5 stars,-38
246,12,Russell Wilson,NYG,QB,14,1 out of 5 stars,-21
247,12,Elijah Mitchell,KC,RB,10,2 out of 5 stars,-27
248,12,Tyler Lockett,TEN,WR,10,4 out of 5 stars,1
249,12,Dalton Schultz,HOU,TE,6,3 out of 5 stars,-30
250,12,Dont'e Thornton Jr.,LV,WR,8,4 out of 5 stars,-20
251,12,Amari Cooper,FA,WR,-,-,28
252,13,Jacory Croskey-Merritt,WAS,RB,12,2 out of 5 stars,24
253,13,Woody Marks,HOU,RB,6,2 out of 5 stars,33
254,13,Jaleel McLaughlin,DEN,RB,12,2 out of 5 stars,-4
255,13,Keaton Mitchell,BAL,RB,7,4 out of 5 stars,23
256,13,Kendre Miller,NO,RB,11,4 out of 5 stars,-15
257,13,Theo Johnson,NYG,TE,14,2 out of 5 stars,23
258,13,Jalen Royals,KC,WR,10,3 out of 5 stars,-3
259,13,Arizona Cardinals,ARI,DST,8,4 out of 5 stars,-22
260,13,Raheem Mostert,LV,RB,8,2 out of 5 stars,-46
261,13,Tre Tucker,LV,WR,8,4 out of 5 stars,138
262,13,Trevor Etienne,CAR,RB,14,3 out of 5 stars,-10
263,13,Green Bay Packers,GB,DST,5,2 out of 5 stars,-59
264,13,Isaiah Davis,NYJ,RB,9,5 out of 5 stars,553
265,13,Tyler Conklin,LAC,TE,12,3 out of 5 stars,0
266,13,Roman Wilson,PIT,WR,5,4 out of 5 stars,30
267,13,Elijah Moore,BUF,WR,7,3 out of 5 stars,66
268,13,Ben Sinnott,WAS,TE,12,3 out of 5 stars,86
269,13,Jalen Nailor,MIN,WR,6,2 out of 5 stars,78
270,13,New York Jets,NYJ,DST,9,5 out of 5 stars,-24
271,13,Malik Washington,MIA,WR,12,3 out of 5 stars,266
272,13,Evan McPherson,CIN,K,10,1 out of 5 stars,-88
273,13,Tyler Loop,BAL,K,7,2 out of 5 stars,-68
274,13,Ollie Gordon II,MIA,RB,12,4 out of 5 stars,-6
275,13,Nick Westbrook-Ikhine,MIA,WR,12,3 out of 5 stars,136
276,13,Jordan James,SF,RB,14,3 out of 5 stars,55
277,13,Washington Commanders,WAS,DST,12,4 out of 5 stars,-34
278,13,Ty Johnson,BUF,RB,7,4 out of 5 stars,141
279,13,Cole Kmet,CHI,TE,5,4 out of 5 stars,-22
280,13,Sean Tucker,TB,RB,9,3 out of 5 stars,32
281,13,Brandon McManus,GB,K,5,3 out of 5 stars,-36
282,13,Noah Gray,KC,TE,10,3 out of 5 stars,-21
283,13,Ray-Ray McCloud III,ATL,WR,5,3 out of 5 stars,38
284,13,Joe Flacco,CLE,QB,9,2 out of 5 stars,3
285,13,Harold Fannin Jr.,CLE,TE,9,3 out of 5 stars,45
286,13,Demarcus Robinson,SF,WR,14,4 out of 5 stars,112
287,13,Tai Felton,MIN,WR,6,2 out of 5 stars,118
288,13,KaVontae Turpin,DAL,WR,10,2 out of 5 stars,13
289,13,Daniel Jones,IND,QB,11,3 out of 5 stars,25
290,13,Samaje Perine,CIN,RB,10,4 out of 5 stars,119
291,13,Xavier Restrepo,TEN,WR,10,4 out of 5 stars,18
292,13,Terrance Ferguson,LAR,TE,8,4 out of 5 stars,-26
293,13,Chicago Bears,CHI,DST,5,2 out of 5 stars,-62
294,13,Devin Singletary,NYG,RB,14,3 out of 5 stars,89
295,13,Kayshon Boutte,NE,WR,14,3 out of 5 stars,-3
296,13,Brandin Cooks,NO,WR,11,4 out of 5 stars,104
297,13,Isaac TeSlaa,DET,WR,8,3 out of 5 stars,-63
298,13,Noah Brown,WAS,WR,12,3 out of 5 stars,158
299,13,Taysom Hill,NO,TE,11,3 out of 5 stars,-51
300,13,Parker Washington,JAC,WR,8,4 out of 5 stars,313
301,13,Antonio Gibson,NE,RB,14,4 out of 5 stars,21
302,13,Joshua Karty,LAR,K,8,2 out of 5 stars,-51
303,13,Mack Hollins,NE,WR,14,3 out of 5 stars,61
304,13,Kenneth Gainwell,PIT,RB,5,4 out of 5 stars,-2
305,13,Jaxson Dart,NYG,QB,14,1 out of 5 stars,-51
306,13,Tyler Higbee,LAR,TE,8,4 out of 5 stars,-42
307,13,Tyler Shough,NO,QB,11,5 out of 5 stars,-25
308,13,Dameon Pierce,HOU,RB,6,2 out of 5 stars,62
309,13,Phil Mafah,DAL,RB,10,2 out of 5 stars,160
310,13,Damien Martinez,SEA,RB,8,3 out of 5 stars,158
311,14,Audric Estime,DEN,RB,12,2 out of 5 stars,38
312,14,Khalil Herbert,IND,RB,11,2 out of 5 stars,274
313,14,Jermaine Burton,CIN,WR,10,3 out of 5 stars,266
314,14,Jordan Whittington,LAR,WR,8,3 out of 5 stars,36
315,14,Tim Patrick,DET,WR,8,3 out of 5 stars,17
316,14,Troy Franklin,DEN,WR,12,3 out of 5 stars,-25
317,14,Josh Reynolds,NYJ,WR,9,4 out of 5 stars,325
318,14,Sincere McCormick,LV,RB,8,2 out of 5 stars,284
319,14,Alexander Mattison,MIA,RB,12,4 out of 5 stars,91
320,14,Jaylin Lane,WAS,WR,12,3 out of 5 stars,233
321,14,Miami Dolphins,MIA,DST,12,2 out of 5 stars,-33
322,14,Daniel Carlson,LV,K,8,3 out of 5 stars,-104
323,14,Savion Williams,GB,WR,5,2 out of 5 stars,-30
324,14,Greg Dortch,ARI,WR,8,4 out of 5 stars,155
325,14,Kyle Juszczyk,SF,RB,14,3 out of 5 stars,49
326,14,Jalen Milroe,SEA,QB,8,4 out of 5 stars,-59
327,14,Oronde Gadsden II,LAC,TE,12,3 out of 5 stars,9
328,14,A.J. Dillon,PHI,RB,9,3 out of 5 stars,-18
329,14,Marquez Valdes-Scantling,SEA,WR,8,3 out of 5 stars,-11
330,14,Kimani Vidal,LAC,RB,12,2 out of 5 stars,259
331,14,Jake Moody,SF,K,14,5 out of 5 stars,-105
332,14,Will Reichard,MIN,K,6,0 out of 5 stars,-108
333,14,Luke McCaffrey,WAS,WR,12,3 out of 5 stars,-14
334,14,Shedeur Sanders,CLE,QB,9,2 out of 5 stars,-87
335,14,Luke Musgrave,GB,TE,5,2 out of 5 stars,0
336,14,Allen Lazard,NYJ,WR,9,4 out of 5 stars,82
337,14,Will Dissly,LAC,TE,12,3 out of 5 stars,28
338,14,Chimere Dike,TEN,WR,10,4 out of 5 stars,249
339,14,KeAndre Lambert-Smith,LAC,WR,12,3 out of 5 stars,120
340,14,Emanuel Wilson,GB,RB,5,4 out of 5 stars,84
341,14,Curtis Samuel,BUF,WR,7,3 out of 5 stars,96
342,14,Jacob Cowing,SF,WR,14,4 out of 5 stars,154
343,14,Zack Moss,FA,RB,-,-,-137
344,14,Luke Schoonmaker,DAL,TE,10,2 out of 5 stars,14
345,14,Tory Horton,SEA,WR,8,3 out of 5 stars,6
346,14,Austin Hooper,NE,TE,14,3 out of 5 stars,-1
347,14,Michael Mayer,LV,TE,8,2 out of 5 stars,-27
348,14,Noah Fant,CIN,TE,10,2 out of 5 stars,34
349,14,Jahan Dotson,PHI,WR,9,3 out of 5 stars,-33
350,14,Tampa Bay Buccaneers,TB,DST,9,3 out of 5 stars,-111
351,14,Foster Moreau,NO,TE,11,3 out of 5 stars,299
352,14,Isaiah Bond,FA,WR,-,-,-
353,14,Kirk Cousins,ATL,QB,5,4 out of 5 stars,-26
354,14,Emari Demercado,ARI,RB,8,3 out of 5 stars,344
355,14,Spencer Rattler,NO,QB,11,5 out of 5 stars,111
356,14,Gabe Davis,FA,WR,-,-,-
357,14,Tez Johnson,TB,WR,9,3 out of 5 stars,81
358,14,Chris Brooks,GB,RB,5,4 out of 5 stars,262
359,14,Ty Chandler,MIN,RB,6,3 out of 5 stars,14
360,14,Cam Akers,NO,RB,11,4 out of 5 stars,157
361,14,Dawson Knox,BUF,TE,7,3 out of 5 stars,-48
362,14,Gunnar Helm,TEN,TE,10,3 out of 5 stars,187
363,15,John Metchie III,HOU,WR,6,4 out of 5 stars,313
364,15,Cam Little,JAC,K,8,5 out of 5 stars,-70
365,15,Christian Watson,GB,WR,5,2 out of 5 stars,-41
366,15,Raheim Sanders,LAC,RB,12,2 out of 5 stars,148
367,15,Kendrick Bourne,NE,WR,14,3 out of 5 stars,1
368,15,AJ Barner,SEA,TE,8,4 out of 5 stars,-39
369,15,Van Jefferson,TEN,WR,10,4 out of 5 stars,150
370,15,Jalin Hyatt,NYG,WR,14,2 out of 5 stars,-13
371,15,Cade Stover,HOU,TE,6,3 out of 5 stars,124
372,15,Tommy Tremble,CAR,TE,14,4 out of 5 stars,72
373,15,Tyrod Taylor,NYJ,QB,9,5 out of 5 stars,266
374,15,New York Giants,NYG,DST,14,1 out of 5 stars,-138
375,15,Jordan Watkins,SF,WR,14,4 out of 5 stars,261
376,15,Chris Rodriguez Jr.,WAS,RB,12,2 out of 5 stars,186
377,15,Hunter Long,JAC,TE,8,3 out of 5 stars,406
378,15,Chad Ryland,ARI,K,8,3 out of 5 stars,-61
379,15,LeQuint Allen Jr.,JAC,RB,8,2 out of 5 stars,152
380,15,Josh Oliver,MIN,TE,6,3 out of 5 stars,-11
381,15,Gus Edwards,FA,RB,-,-,-
382,15,Kenny Pickett,CLE,QB,9,2 out of 5 stars,218
383,15,Jimmy Garoppolo,LAR,QB,8,3 out of 5 stars,122
384,15,Devontez Walker,BAL,WR,7,3 out of 5 stars,87
385,15,Jeremy Ruckert,NYJ,TE,9,3 out of 5 stars,43
386,15,Marcus Yarns,NO,RB,11,4 out of 5 stars,471
387,15,Javon Baker,NE,WR,14,3 out of 5 stars,429
388,15,Ja'Lynn Polk,NE,WR,14,3 out of 5 stars,323
389,15,Donovan Edwards,NYJ,RB,9,5 out of 5 stars,117
390,15,Zamir White,LV,RB,8,2 out of 5 stars,-3
391,15,Jameis Winston,NYG,QB,14,1 out of 5 stars,43
392,15,Mitchell Evans,CAR,TE,14,4 out of 5 stars,58
393,15,Jeremy McNichols,WAS,RB,12,2 out of 5 stars,114
394,15,KhaDarel Hodge,ATL,WR,5,3 out of 5 stars,177
395,15,Hassan Haskins,LAC,RB,12,2 out of 5 stars,99
396,15,Arian Smith,NYJ,WR,9,4 out of 5 stars,104
397,15,Taylor Heinicke,LAC,QB,12,3 out of 5 stars,244
398,15,Stone Smartt,NYJ,TE,9,3 out of 5 stars,-
399,15,Tank Dell,HOU,WR,6,4 out of 5 stars,-93
400,15,Kalel Mullings,TEN,RB,10,2 out of 5 stars,447
401,15,Ameer Abdullah,SF,RB,14,3 out of 5 stars,184
402,15,Mac Jones,SF,QB,14,4 out of 5 stars,-42
403,15,Tyler Badie,DEN,RB,12,2 out of 5 stars,270
404,15,Dillon Gabriel,CLE,QB,9,2 out of 5 stars,144
405,15,Robert Woods,PIT,WR,5,4 out of 5 stars,-30
406,15,Michael Burton,DEN,RB,12,2 out of 5 stars,110
407,15,Clyde Edwards-Helaire,NO,RB,11,4 out of 5 stars,35
408,15,Jonathan Mingo,DAL,WR,10,2 out of 5 stars,18
409,15,Malachi Corley,NYJ,WR,9,4 out of 5 stars,124
410,15,Harrison Bryant,PHI,TE,9,3 out of 5 stars,170
411,15,Joshua Dobbs,NE,QB,14,5 out of 5 stars,-65
412,15,Elijah Higgins,ARI,TE,8,5 out of 5 stars,35
413,15,Grant Calcaterra,PHI,TE,9,3 out of 5 stars,-72
414,15,Craig Reynolds,DET,RB,8,2 out of 5 stars,-36
415,15,Pierre Strong Jr.,CLE,RB,9,4 out of 5 stars,-
416,15,Joe Milton III,DAL,QB,10,2 out of 5 stars,-79
417,15,Theo Wease Jr.,MIA,WR,12,3 out of 5 stars,-
418,15,Olamide Zaccheaus,CHI,WR,5,2 out of 5 stars,-37
419,15,Trey Sermon,PIT,RB,5,4 out of 5 stars,252
420,15,Brevin Jordan,HOU,TE,6,3 out of 5 stars,168
421,15,Ja'Quinden Jackson,JAC,RB,8,2 out of 5 stars,-
422,15,JuJu Smith-Schuster,KC,WR,10,3 out of 5 stars,-96
423,15,Zay Jones,ARI,WR,8,4 out of 5 stars,336
424,15,Mason Rudolph,PIT,QB,5,4 out of 5 stars,145
425,15,Adam Trautman,DEN,TE,12,3 out of 5 stars,-48
426,15,Julius Chestnut,TEN,RB,10,2 out of 5 stars,94
427,15,Julian Hill,MIA,TE,12,3 out of 5 stars,-26
428,15,Kyle Trask,TB,QB,9,2 out of 5 stars,244
429,15,Tanner Hudson,CIN,TE,10,2 out of 5 stars,-
430,15,Luke Farrell,SF,TE,14,3 out of 5 stars,95
431,15,Mitchell Trubisky,BUF,QB,7,4 out of 5 stars,-83
